y_test,y_pred,true_width,pred_width,abs_error
1185.52,1188.729802527759,1185.52,1188.729802527759,3.2098025277589386
1261.17,1257.424535259022,1261.17,1257.424535259022,3.74546474097815
1551.9,1549.293023562755,1551.9,1549.293023562755,2.6069764372450663
1452.61,1451.613650049797,1452.61,1451.613650049797,0.9963499502030118
1238.51,1239.3222645463052,1238.51,1239.3222645463052,0.8122645463051867
1362.14,1366.7233541346523,1362.14,1366.7233541346523,4.583354134652154
1325.95,1324.6828927140318,1325.95,1324.6828927140318,1.2671072859682226
1200.65,1203.7583412852096,1200.65,1203.7583412852096,3.1083412852094625
1019.73,1014.6554600116633,1019.73,1014.6554600116633,5.07453998833671
1109.76,1116.5288051728892,1109.76,1116.5288051728892,6.768805172889188
1611.8,1611.2755423169142,1611.8,1611.2755423169142,0.5244576830857568
1308.94,1308.8064597476641,1308.94,1308.8064597476641,0.13354025233593347
1547.72,1540.0784850852333,1547.72,1540.0784850852333,7.641514914766731
1257.17,1255.9888569590444,1257.17,1255.9888569590444,1.1811430409557033
1331.46,1336.3534867272688,1331.46,1336.3534867272688,4.893486727268737
1111.18,1109.8367687744103,1111.18,1109.8367687744103,1.3432312255897614
1296.67,1293.8570179113449,1296.67,1293.8570179113449,2.8129820886551897
1551.8,1557.02682353795,1551.8,1557.02682353795,5.22682353794994
1560.62,1555.411343988217,1560.62,1555.411343988217,5.208656011782978
1289.82,1290.2523052312204,1289.82,1290.2523052312204,0.4323052312204254
1464.71,1463.0983652916118,1464.71,1463.0983652916118,1.6116347083882374
1551.29,1551.6724545349539,1551.29,1551.6724545349539,0.3824545349539221
1498.02,1499.3362552596063,1498.02,1499.3362552596063,1.3162552596063506
1254.18,1254.5136843841026,1254.18,1254.5136843841026,0.33368438410252566
1487.03,1483.833617616327,1487.03,1483.833617616327,3.196382383672926
1317.14,1316.5034306070502,1317.14,1316.5034306070502,0.636569392949923
954.97,953.3358917891844,954.97,953.3358917891844,1.6341082108156115
1312.78,1316.4738708810396,1312.78,1316.4738708810396,3.6938708810396292
1287.75,1285.787097133577,1287.75,1285.787097133577,1.9629028664230646
1650.12,1648.5401817312695,1650.12,1648.5401817312695,1.579818268730378
1304.25,1306.7020064900616,1304.25,1306.7020064900616,2.452006490061649
1351.05,1354.4310565166393,1351.05,1354.4310565166393,3.381056516639319
1370.17,1370.5531617410325,1370.17,1370.5531617410325,0.38316174103238154
1291.2,1287.4506231318321,1291.2,1287.4506231318321,3.7493768681679285
1302.64,1302.5682362264026,1302.64,1302.5682362264026,0.07176377359746766
988.63,990.9364465389459,988.63,990.9364465389459,2.30644653894592
1549.5,1540.9634040155709,1549.5,1540.9634040155709,8.536595984429141
1017.86,1018.8433679051777,1017.86,1018.8433679051777,0.9833679051777153
1745.55,1746.9692202900414,1745.55,1746.9692202900414,1.419220290041494
1493.4,1488.489978862162,1493.4,1488.489978862162,4.910021137838157
1094.81,1088.2307676886403,1094.81,1088.2307676886403,6.579232311359647
1309.21,1308.5835224254588,1309.21,1308.5835224254588,0.6264775745412408
1356.08,1359.1504299830326,1356.08,1359.1504299830326,3.0704299830326818
1325.37,1328.9768552742153,1325.37,1328.9768552742153,3.606855274215377
1325.6,1326.6874363562902,1325.6,1326.6874363562902,1.0874363562902545
1241.88,1246.1098211910585,1241.88,1246.1098211910585,4.229821191058363
1746.93,1743.9572184348926,1746.93,1743.9572184348926,2.972781565107425
1427.47,1425.4503522908012,1427.47,1425.4503522908012,2.019647709198807
1303.74,1302.411717444365,1303.74,1302.411717444365,1.3282825556350417
1308.33,1318.2244493736237,1308.33,1318.2244493736237,9.89444937362373
1255.55,1254.0952301258335,1255.55,1254.0952301258335,1.454769874166459
1360.76,1362.7349538486653,1360.76,1362.7349538486653,1.9749538486653364
1551.36,1555.331560914348,1551.36,1555.331560914348,3.9715609143481743
1045.54,1050.5508526424692,1045.54,1050.5508526424692,5.010852642469217
1019.6,1021.0740346515372,1019.6,1021.0740346515372,1.4740346515371812
1185.5,1188.2518805813586,1185.5,1188.2518805813586,2.7518805813585914
1690.46,1690.1451882679062,1690.46,1690.1451882679062,0.31481173209385815
1287.0,1289.3796792663118,1287.0,1289.3796792663118,2.3796792663117685
1170.19,1169.5249292750664,1170.19,1169.5249292750664,0.6650707249336847
1253.78,1256.5775780007289,1253.78,1256.5775780007289,2.7975780007288904
1354.94,1359.1276045310835,1354.94,1359.1276045310835,4.18760453108348
1046.02,1048.7949340060266,1046.02,1048.7949340060266,2.7749340060265695
1189.65,1195.0549047187487,1189.65,1195.0549047187487,5.404904718748639
1208.22,1213.6283319029772,1208.22,1213.6283319029772,5.408331902977125
1076.12,1081.0430396943423,1076.12,1081.0430396943423,4.923039694342378
1272.93,1274.6447269394716,1272.93,1274.6447269394716,1.714726939471575
1837.09,1834.48757285975,1837.09,1834.48757285975,2.602427140250029
1261.28,1259.003742052118,1261.28,1259.003742052118,2.276257947881959
1302.17,1305.7587605714825,1302.17,1305.7587605714825,3.588760571482453
1308.15,1311.7973618451297,1308.15,1311.7973618451297,3.6473618451295806
1424.46,1421.7618759398215,1424.46,1421.7618759398215,2.698124060178543
1303.35,1303.2341953807065,1303.35,1303.2341953807065,0.11580461929338526
1413.25,1416.7242503880225,1413.25,1416.7242503880225,3.474250388022483
1110.75,1103.5111553164807,1110.75,1103.5111553164807,7.238844683519346
1600.32,1603.9807019164355,1600.32,1603.9807019164355,3.660701916435528
964.31,967.9588541069708,964.31,967.9588541069708,3.6488541069708162
1213.56,1212.3687636519517,1213.56,1212.3687636519517,1.1912363480482782
974.86,972.832798514487,974.86,972.832798514487,2.0272014855130465
1665.37,1667.3223112853061,1665.37,1667.3223112853061,1.952311285306223
1311.66,1304.5714227688336,1311.66,1304.5714227688336,7.088577231166482
1740.44,1739.4807954019548,1740.44,1739.4807954019548,0.9592045980452895
1018.12,1018.6644466071654,1018.12,1018.6644466071654,0.5444466071653551
1488.92,1484.202298836728,1488.92,1484.202298836728,4.717701163272068
1285.59,1287.2178503082991,1285.59,1287.2178503082991,1.6278503082992302
982.58,981.3944468396294,982.58,981.3944468396294,1.1855531603706595
1311.84,1312.0333540913848,1311.84,1312.0333540913848,0.19335409138489013
995.3,995.8857436791602,995.3,995.8857436791602,0.5857436791602595
1360.06,1361.742421315746,1360.06,1361.742421315746,1.682421315746069
1506.26,1511.1204746802755,1506.26,1511.1204746802755,4.860474680275502
1069.4,1068.9042664440299,1069.4,1068.9042664440299,0.49573355597021873
1549.35,1551.5753063750565,1549.35,1551.5753063750565,2.2253063750565616
1325.21,1322.259778585929,1325.21,1322.259778585929,2.9502214140709384
1485.69,1481.0598890043766,1485.69,1481.0598890043766,4.630110995623454
1073.45,1076.3339517124073,1073.45,1076.3339517124073,2.8839517124072245
1535.15,1534.302215741207,1535.15,1534.302215741207,0.8477842587931264
1341.83,1341.914204835377,1341.83,1341.914204835377,0.08420483537702239
1473.96,1466.1770263628023,1473.96,1466.1770263628023,7.782973637197756
1529.36,1530.1868546357337,1529.36,1530.1868546357337,0.8268546357337527
1371.46,1373.9847512284848,1371.46,1373.9847512284848,2.5247512284847744
1127.83,1124.2710199989583,1127.83,1124.2710199989583,3.5589800010416184
1286.18,1292.0508462250461,1286.18,1292.0508462250461,5.87084622504608
1302.36,1303.531489219793,1302.36,1303.531489219793,1.1714892197931022
1302.51,1309.294816573892,1302.51,1309.294816573892,6.784816573891931
1084.16,1078.8041653278567,1084.16,1078.8041653278567,5.355834672143374
1287.41,1290.9699646673598,1287.41,1290.9699646673598,3.5599646673597363
1282.75,1285.0030624893416,1282.75,1285.0030624893416,2.2530624893415734
1301.66,1301.5539222348086,1301.66,1301.5539222348086,0.10607776519145773
1298.87,1295.2265445133194,1298.87,1295.2265445133194,3.643455486680523
1195.07,1185.7863561300042,1195.07,1185.7863561300042,9.283643869995785
1726.25,1724.0730903753545,1726.25,1724.0730903753545,2.176909624645532
1411.8,1414.6587045440097,1411.8,1414.6587045440097,2.858704544009697
957.15,961.8213008593514,957.15,961.8213008593514,4.6713008593513905
958.07,953.1952430854097,958.07,953.1952430854097,4.874756914590307
985.06,981.9474849277881,985.06,981.9474849277881,3.1125150722118633
1273.03,1273.099393366544,1273.03,1273.099393366544,0.0693933665440909
1275.35,1275.07165623109,1275.35,1275.07165623109,0.2783437689099628
1323.44,1320.0233151355712,1323.44,1320.0233151355712,3.4166848644288166
1330.78,1336.2791183305062,1330.78,1336.2791183305062,5.499118330506235
1741.17,1741.8081189073991,1741.17,1741.8081189073991,0.6381189073990754
1297.29,1303.0516149618277,1297.29,1303.0516149618277,5.761614961827718
1740.07,1741.0445087396947,1740.07,1741.0445087396947,0.9745087396947838
1370.74,1369.5838342932511,1370.74,1369.5838342932511,1.1561657067488795
967.16,964.3211061816982,967.16,964.3211061816982,2.8388938183018126
1287.38,1285.1859665830148,1287.38,1285.1859665830148,2.1940334169853486
1335.01,1339.429739507771,1335.01,1339.429739507771,4.419739507771055
984.04,980.5755571259369,984.04,980.5755571259369,3.4644428740630246
1389.92,1392.2879441643731,1389.92,1392.2879441643731,2.367944164373057
1169.12,1171.6846941509193,1169.12,1171.6846941509193,2.564694150919422
1245.02,1242.264274813825,1245.02,1242.264274813825,2.7557251861749137
1743.52,1743.6858474346582,1743.52,1743.6858474346582,0.16584743465818974
1175.03,1178.0688404741668,1175.03,1178.0688404741668,3.0388404741668182
1274.57,1278.401793638236,1274.57,1278.401793638236,3.8317936382361495
1271.84,1274.335066223885,1271.84,1274.335066223885,2.4950662238850327
1225.46,1224.8315261312212,1225.46,1224.8315261312212,0.6284738687788831
1258.23,1255.861219127145,1258.23,1255.861219127145,2.368780872855041
1460.33,1459.3626215793533,1460.33,1459.3626215793533,0.9673784206465825
1240.77,1238.5929647456364,1240.77,1238.5929647456364,2.1770352543635454
1188.62,1187.6739095122616,1188.62,1187.6739095122616,0.9460904877382745
1203.44,1206.1907975752256,1203.44,1206.1907975752256,2.7507975752255334
1295.5,1294.039351975661,1295.5,1294.039351975661,1.4606480243389797
1541.14,1537.4623476869049,1541.14,1537.4623476869049,3.677652313095223
1304.8,1307.5438446720734,1304.8,1307.5438446720734,2.7438446720734646
1289.35,1282.0039073994676,1289.35,1282.0039073994676,7.346092600532302
985.75,981.4250229755155,985.75,981.4250229755155,4.324977024484497
1741.36,1736.053566977073,1741.36,1736.053566977073,5.306433022926967
1289.44,1289.158889075706,1289.44,1289.158889075706,0.28111092429412565
1314.23,1315.6364423792734,1314.23,1315.6364423792734,1.4064423792733578
1600.65,1601.7485064691273,1600.65,1601.7485064691273,1.0985064691271873
977.87,974.9148433072297,977.87,974.9148433072297,2.955156692770288
1284.97,1287.932733956025,1284.97,1287.932733956025,2.9627339560249766
1738.16,1740.5257218538136,1738.16,1740.5257218538136,2.365721853813511
1536.49,1535.551872839409,1536.49,1535.551872839409,0.938127160590966
1443.55,1439.3340113086915,1443.55,1439.3340113086915,4.215988691308439
1187.21,1184.4158925959646,1187.21,1184.4158925959646,2.794107404035458
1310.79,1313.4767963863746,1310.79,1313.4767963863746,2.686796386374681
1259.85,1262.915873075083,1259.85,1262.915873075083,3.0658730750831182
1251.55,1250.5588319842127,1251.55,1250.5588319842127,0.9911680157872524
1336.75,1338.4668777050088,1336.75,1338.4668777050088,1.7168777050087556
1544.66,1544.9190821056654,1544.66,1544.9190821056654,0.2590821056653567
1074.58,1079.719467271664,1074.58,1079.719467271664,5.139467271663989
1166.42,1161.4891537968335,1166.42,1161.4891537968335,4.9308462031665385
1272.17,1266.436783693435,1272.17,1266.436783693435,5.733216306565055
947.12,945.8587363524605,947.12,945.8587363524605,1.261263647539522
1431.2,1433.0981806845757,1431.2,1433.0981806845757,1.8981806845756637
935.3,933.9085288229517,935.3,933.9085288229517,1.3914711770482882
1236.2,1233.7714064754114,1236.2,1233.7714064754114,2.4285935245886776
1078.49,1080.5761866133269,1078.49,1080.5761866133269,2.086186613326845
1341.16,1342.9533350970046,1341.16,1342.9533350970046,1.7933350970045012
1432.46,1433.5048863818456,1432.46,1433.5048863818456,1.044886381845572
1340.7,1340.126059773664,1340.7,1340.126059773664,0.5739402263359352
1500.94,1500.7756818111375,1500.94,1500.7756818111375,0.16431818886258043
1254.41,1254.3442021185301,1254.41,1254.3442021185301,0.0657978814699618
1261.89,1260.2103701174358,1261.89,1260.2103701174358,1.6796298825643134
1340.37,1340.9891635758784,1340.37,1340.9891635758784,0.6191635758784741
1690.66,1691.128630884181,1690.66,1691.128630884181,0.46863088418081134
958.12,962.600009607908,958.12,962.600009607908,4.480009607907959
941.37,940.8028975398203,941.37,940.8028975398203,0.5671024601797399
1549.52,1553.0236772635299,1549.52,1553.0236772635299,3.5036772635298803
1256.81,1258.6256260028913,1256.81,1258.6256260028913,1.8156260028913493
1185.28,1188.2144078481988,1185.28,1188.2144078481988,2.9344078481988163
1015.06,1007.6500403596674,1015.06,1007.6500403596674,7.409959640332545
1666.36,1669.9492987410267,1666.36,1669.9492987410267,3.5892987410268233
1492.23,1492.2011412856914,1492.23,1492.2011412856914,0.028858714308626077
1317.04,1315.1536496676667,1317.04,1315.1536496676667,1.8863503323332225
1311.15,1315.2419669971482,1311.15,1315.2419669971482,4.09196699714812
1547.3,1543.295727035756,1547.3,1543.295727035756,4.00427296424391
1308.68,1308.6490866189542,1308.68,1308.6490866189542,0.030913381045820643
945.67,944.8727140438132,945.67,944.8727140438132,0.7972859561867836
1289.72,1288.1542485743514,1289.72,1288.1542485743514,1.5657514256486138
967.91,969.8821090761178,967.91,969.8821090761178,1.9721090761178175
1615.0,1611.691035436183,1615.0,1611.691035436183,3.3089645638169713
1354.03,1354.814303067878,1354.03,1354.814303067878,0.7843030678779996
1256.06,1256.3670768812804,1256.06,1256.3670768812804,0.307076881280409
1287.33,1288.67422615924,1287.33,1288.67422615924,1.3442261592401792
1083.91,1086.6724517979192,1083.91,1086.6724517979192,2.762451797919084
1284.67,1281.9729650233694,1284.67,1281.9729650233694,2.6970349766306754
1257.95,1249.0682489856201,1257.95,1249.0682489856201,8.881751014379915
1746.73,1745.83366122967,1746.73,1745.83366122967,0.8963387703299759
1285.8,1289.5101375356603,1285.8,1289.5101375356603,3.710137535660351
1246.82,1242.7653617424069,1246.82,1242.7653617424069,4.054638257593069
958.58,955.3767346738937,958.58,955.3767346738937,3.2032653261063615
1402.9,1395.6647308804772,1402.9,1395.6647308804772,7.2352691195228545
1080.37,1084.6554478324701,1080.37,1084.6554478324701,4.285447832470254
1017.22,1017.7121024799368,1017.22,1017.7121024799368,0.4921024799367615
1480.14,1484.827158364537,1480.14,1484.827158364537,4.687158364536799
1469.39,1475.9151548817795,1469.39,1475.9151548817795,6.525154881779372
1836.17,1838.4677530464382,1836.17,1838.4677530464382,2.2977530464381744
1156.78,1160.4313228241358,1156.78,1160.4313228241358,3.651322824135832
1276.62,1276.6644989893375,1276.62,1276.6644989893375,0.04449898933762597
1486.9,1483.3181375862923,1486.9,1483.3181375862923,3.5818624137077677
1492.64,1493.381780153769,1492.64,1493.381780153769,0.7417801537687865
1287.04,1287.4635215666767,1287.04,1287.4635215666767,0.42352156667675445
1290.1,1290.5569156989654,1290.1,1290.5569156989654,0.4569156989655312
1272.49,1275.262662266428,1272.49,1275.262662266428,2.772662266427915
1186.9,1187.799359350581,1186.9,1187.799359350581,0.8993593505808803
1282.76,1290.0986877251216,1282.76,1290.0986877251216,7.338687725121645
1746.11,1748.1958532121198,1746.11,1748.1958532121198,2.0858532121199005
939.45,937.6531814736745,939.45,937.6531814736745,1.7968185263255236
1152.75,1153.4415351725625,1152.75,1153.4415351725625,0.6915351725624532
1234.54,1235.0381919395318,1234.54,1235.0381919395318,0.4981919395318073
1310.59,1313.5573238309505,1310.59,1313.5573238309505,2.9673238309505905
1325.38,1326.4735282118154,1325.38,1326.4735282118154,1.0935282118152827
1099.5,1090.5374077920844,1099.5,1090.5374077920844,8.962592207915577
1719.14,1706.8409571062316,1719.14,1706.8409571062316,12.299042893768501
1271.96,1265.067402547791,1271.96,1265.067402547791,6.892597452208975
1793.75,1799.4718601393083,1793.75,1799.4718601393083,5.721860139308319
1324.17,1321.3693352633466,1324.17,1321.3693352633466,2.8006647366535162
1220.09,1223.6984286943916,1220.09,1223.6984286943916,3.608428694391705
1356.27,1358.6733239899368,1356.27,1358.6733239899368,2.40332398993678
1357.31,1354.9989895975646,1357.31,1354.9989895975646,2.311010402435386
1302.63,1303.176252239051,1302.63,1303.176252239051,0.5462522390510003
1089.82,1088.5116810314955,1089.82,1088.5116810314955,1.308318968504409
1292.78,1293.1760664657309,1292.78,1293.1760664657309,0.39606646573088256
1332.91,1334.289055578852,1332.91,1334.289055578852,1.379055578851876
1547.5,1546.6847411375397,1547.5,1546.6847411375397,0.8152588624602686
1303.18,1295.594973440823,1303.18,1295.594973440823,7.585026559177095
1410.53,1409.4153298509973,1410.53,1409.4153298509973,1.1146701490026771
1287.62,1288.2197784977457,1287.62,1288.2197784977457,0.5997784977457741
1276.76,1277.388263474563,1276.76,1277.388263474563,0.6282634745630276
1214.07,1217.9105384974705,1214.07,1217.9105384974705,3.840538497470561
1018.98,1028.1375257546922,1018.98,1028.1375257546922,9.157525754692188
990.78,990.5687989190876,990.78,990.5687989190876,0.21120108091236034
1253.96,1249.128675795123,1253.96,1249.128675795123,4.831324204877092
1166.03,1169.538892129349,1166.03,1169.538892129349,3.5088921293490785
1287.07,1283.0741986095113,1287.07,1283.0741986095113,3.995801390488623
1309.22,1306.489382661291,1309.22,1306.489382661291,2.730617338708953
1191.1,1188.4038941725987,1191.1,1188.4038941725987,2.6961058274011975
984.63,978.5249616855297,984.63,978.5249616855297,6.105038314470335
1287.7,1288.2802487030267,1287.7,1288.2802487030267,0.5802487030266548
1484.33,1486.7890787012352,1484.33,1486.7890787012352,2.459078701235285
1289.21,1291.6736865882633,1289.21,1291.6736865882633,2.463686588263272
1416.7,1412.3610132520157,1416.7,1412.3610132520157,4.338986747984336
1447.38,1452.3266882432072,1447.38,1452.3266882432072,4.946688243207063
1441.24,1439.7393789071439,1441.24,1439.7393789071439,1.5006210928561359
1547.5,1550.7859683156034,1547.5,1550.7859683156034,3.2859683156034407
1376.64,1376.1241587796098,1376.64,1376.1241587796098,0.5158412203902571
985.14,984.3499257982792,985.14,984.3499257982792,0.7900742017208131
1243.33,1243.1952765136248,1243.33,1243.1952765136248,0.13472348637515097
1367.41,1369.5979466346598,1367.41,1369.5979466346598,2.1879466346597383
1232.23,1230.9068573699815,1232.23,1230.9068573699815,1.3231426300185376
1542.36,1545.2132913423548,1542.36,1545.2132913423548,2.8532913423548507
1431.94,1435.9401273776489,1431.94,1435.9401273776489,4.000127377648823
1192.25,1198.0864901453267,1192.25,1198.0864901453267,5.836490145326707
1548.88,1541.4449641766787,1548.88,1541.4449641766787,7.435035823321414
1650.46,1647.7830275109854,1650.46,1647.7830275109854,2.676972489014588
1361.81,1350.9012607393515,1361.81,1350.9012607393515,10.908739260648417
1210.74,1214.424245927306,1210.74,1214.424245927306,3.6842459273059376
1616.14,1613.7209960763305,1616.14,1613.7209960763305,2.4190039236696066
1287.93,1290.4337597349418,1287.93,1290.4337597349418,2.5037597349416956
1325.8,1324.1749128409583,1325.8,1324.1749128409583,1.625087159041641
991.77,992.6308290994982,991.77,992.6308290994982,0.8608290994982326
1560.33,1558.5640231352309,1560.33,1558.5640231352309,1.7659768647690726
1282.33,1280.4796836245728,1282.33,1280.4796836245728,1.8503163754271554
1546.17,1544.8786936721144,1546.17,1544.8786936721144,1.2913063278856498
1056.49,1055.6654611553313,1056.49,1055.6654611553313,0.824538844668723
1304.71,1305.2070958599888,1304.71,1305.2070958599888,0.49709585998880357
1294.95,1294.8322989160497,1294.95,1294.8322989160497,0.11770108395035095
1191.92,1192.229313605701,1191.92,1192.229313605701,0.309313605700936
1342.59,1339.9350364741226,1342.59,1339.9350364741226,2.6549635258772923
1323.34,1321.733143147756,1323.34,1321.733143147756,1.6068568522439364
1681.88,1682.3677908501418,1681.88,1682.3677908501418,0.4877908501416641
1558.46,1557.5035953377082,1558.46,1557.5035953377082,0.9564046622917886
1426.94,1427.5088345202498,1426.94,1427.5088345202498,0.5688345202497658
1301.5,1300.3114968101654,1301.5,1300.3114968101654,1.1885031898345915
1273.24,1276.2507776350403,1273.24,1276.2507776350403,3.010777635040313
1183.85,1183.0165988738306,1183.85,1183.0165988738306,0.8334011261692922
1041.92,1034.8738418742291,1041.92,1034.8738418742291,7.046158125770944
1316.92,1317.347506802796,1316.92,1317.347506802796,0.42750680279596054
1355.18,1356.0309982801173,1355.18,1356.0309982801173,0.85099828011721
1554.5,1555.624259896746,1554.5,1555.624259896746,1.1242598967460253
1353.1,1355.332706539341,1353.1,1355.332706539341,2.232706539341052
1243.16,1242.1047955217323,1243.16,1242.1047955217323,1.0552044782677967
1362.93,1362.3441124307897,1362.93,1362.3441124307897,0.5858875692103993
1047.21,1045.8780713134354,1047.21,1045.8780713134354,1.3319286865646518
1300.6,1304.493804735553,1300.6,1304.493804735553,3.8938047355532035
1646.21,1634.667419436329,1646.21,1634.667419436329,11.542580563670981
1410.66,1409.262341617954,1410.66,1409.262341617954,1.3976583820460746
1156.78,1159.2584772731002,1156.78,1159.2584772731002,2.478477273100225
1139.12,1144.0226730322868,1139.12,1144.0226730322868,4.902673032286884
1310.38,1312.404291411781,1310.38,1312.404291411781,2.0242914117809505
1556.71,1555.8515308685364,1556.71,1555.8515308685364,0.8584691314636075
1157.33,1160.5076332815418,1157.33,1160.5076332815418,3.17763328154183
1256.6,1253.9807046916535,1256.6,1253.9807046916535,2.619295308346409
1432.82,1432.2332542658046,1432.82,1432.2332542658046,0.5867457341953468
946.45,947.1588143047277,946.45,947.1588143047277,0.708814304727639
1018.05,1019.0067992632039,1018.05,1019.0067992632039,0.9567992632039477
1277.95,1274.1107952098002,1277.95,1274.1107952098002,3.839204790199801
1429.36,1438.0506455308423,1429.36,1438.0506455308423,8.690645530842403
1500.48,1503.7418943487476,1500.48,1503.7418943487476,3.2618943487475462
1410.58,1409.7772122586578,1410.58,1409.7772122586578,0.802787741342172
1535.16,1535.6719884766558,1535.16,1535.6719884766558,0.5119884766556879
1048.78,1050.0949901223676,1048.78,1050.0949901223676,1.3149901223675897
1311.83,1317.3943546821474,1311.83,1317.3943546821474,5.564354682147496
1282.55,1286.26580513674,1282.55,1286.26580513674,3.715805136740073
1017.29,1021.7206239683214,1017.29,1021.7206239683214,4.43062396832147
1273.5,1276.959033827954,1273.5,1276.959033827954,3.4590338279540447
1349.73,1347.1270052086666,1349.73,1347.1270052086666,2.602994791333458
1103.23,1106.128127563179,1103.23,1106.128127563179,2.8981275631790595
1303.6,1296.749705700824,1303.6,1296.749705700824,6.850294299175857
1110.67,1110.3275353307579,1110.67,1110.3275353307579,0.3424646692421902
1325.61,1323.3353068643748,1325.61,1323.3353068643748,2.274693135625057
1464.95,1474.831336586054,1464.95,1474.831336586054,9.881336586053976
1065.89,1065.6818515056725,1065.89,1065.6818515056725,0.2081484943275882
1187.41,1188.1303795615752,1187.41,1188.1303795615752,0.7203795615751005
1392.41,1396.7763319086305,1392.41,1396.7763319086305,4.3663319086304
1118.83,1106.350198919848,1118.83,1106.350198919848,12.479801080151901
1294.0,1287.685096976604,1294.0,1287.685096976604,6.3149030233960275
1304.41,1304.2071257120988,1304.41,1304.2071257120988,0.20287428790129525
1371.16,1370.8042980368245,1371.16,1370.8042980368245,0.3557019631755338
1283.71,1283.2623083440863,1283.71,1283.2623083440863,0.44769165591378624
1447.15,1451.7913483720968,1447.15,1451.7913483720968,4.641348372096672
1543.16,1537.4846718481836,1543.16,1537.4846718481836,5.6753281518165295
1454.72,1456.5140582816061,1454.72,1456.5140582816061,1.7940582816061124
1257.64,1255.9654910464528,1257.64,1255.9654910464528,1.6745089535472744
1394.39,1382.6938627610193,1394.39,1382.6938627610193,11.696137238980782
1448.29,1444.506635109097,1448.29,1444.506635109097,3.7833648909029307
1253.85,1251.1510909663934,1253.85,1251.1510909663934,2.698909033606469
1475.96,1474.5375914944723,1475.96,1474.5375914944723,1.4224085055277556
1560.53,1557.267029932491,1560.53,1557.267029932491,3.262970067509059
1193.41,1183.2026613950352,1193.41,1183.2026613950352,10.207338604964889
1018.97,1018.8132944975889,1018.97,1018.8132944975889,0.15670550241111414
1339.98,1338.0557795815996,1339.98,1338.0557795815996,1.9242204184004095
1549.52,1552.7170911147387,1549.52,1552.7170911147387,3.1970911147386687
1413.62,1411.1249445095568,1413.62,1411.1249445095568,2.4950554904430646
1205.01,1205.2574541766605,1205.01,1205.2574541766605,0.24745417666053982
1159.89,1154.649335208177,1159.89,1154.649335208177,5.240664791823065
1354.24,1359.264704424257,1354.24,1359.264704424257,5.0247044242569245
1323.25,1321.7436211774666,1323.25,1321.7436211774666,1.5063788225334065
1313.9,1306.3407039834237,1313.9,1306.3407039834237,7.559296016576354
1249.94,1249.1941519362979,1249.94,1249.1941519362979,0.7458480637021694
1741.26,1738.9859598785279,1741.26,1738.9859598785279,2.274040121472126
1369.24,1367.5530768601025,1369.24,1367.5530768601025,1.6869231398975444
1014.93,1010.2752390363937,1014.93,1010.2752390363937,4.654760963606236
1394.57,1391.867821862505,1394.57,1391.867821862505,2.7021781374949114
1292.33,1285.6324692274102,1292.33,1285.6324692274102,6.697530772589744
1053.72,1055.3781526374507,1053.72,1055.3781526374507,1.658152637450712
1750.12,1747.899660234285,1750.12,1747.899660234285,2.2203397657149253
1349.83,1346.1072737326508,1349.83,1346.1072737326508,3.722726267349117
1151.4,1149.9357947753324,1151.4,1149.9357947753324,1.464205224667694
951.38,948.1216307615075,951.38,948.1216307615075,3.2583692384924916
1789.29,1798.4871493128978,1789.29,1798.4871493128978,9.197149312897864
1285.71,1286.222004753438,1285.71,1286.222004753438,0.51200475343785
1675.86,1667.462311019724,1675.86,1667.462311019724,8.397688980275916
1289.06,1291.9118790974321,1289.06,1291.9118790974321,2.8518790974321746
1200.74,1202.4788283084436,1200.74,1202.4788283084436,1.7388283084435443
1470.21,1466.2477128153505,1470.21,1466.2477128153505,3.96228718464954
1290.93,1288.1209192987535,1290.93,1288.1209192987535,2.8090807012465575
1446.41,1442.5516775840115,1446.41,1442.5516775840115,3.858322415988596
1190.23,1190.9226904943052,1190.23,1190.9226904943052,0.692690494305225
1239.41,1239.193090395026,1239.41,1239.193090395026,0.21690960497403466
1288.3,1286.8994681677973,1288.3,1286.8994681677973,1.4005318322026596
1083.5,1089.4424556459421,1083.5,1089.4424556459421,5.942455645942118
1328.03,1324.2612111418566,1328.03,1324.2612111418566,3.7687888581433526
1049.14,1051.7810189368588,1049.14,1051.7810189368588,2.6410189368587
1563.26,1554.7180223785722,1563.26,1554.7180223785722,8.541977621427804
1312.98,1314.048969547758,1312.98,1314.048969547758,1.068969547757888
1055.01,1052.3113866038466,1055.01,1052.3113866038466,2.698613396153405
1746.84,1750.2950752008883,1746.84,1750.2950752008883,3.455075200888359
1371.28,1372.5623714860023,1371.28,1372.5623714860023,1.2823714860023756
1177.0,1174.998427061297,1177.0,1174.998427061297,2.0015729387030206
1395.17,1397.5769369260947,1395.17,1397.5769369260947,2.4069369260946587
1048.33,1048.0552818158747,1048.33,1048.0552818158747,0.2747181841252768
942.99,942.9398205275559,942.99,942.9398205275559,0.05017947244414245
1312.09,1309.2708334204945,1312.09,1309.2708334204945,2.8191665795054632
1564.07,1565.1451039233498,1564.07,1565.1451039233498,1.0751039233498432
1357.94,1355.5530471450188,1357.94,1355.5530471450188,2.3869528549812458
1291.14,1292.9925234911404,1291.14,1292.9925234911404,1.8525234911403459
1748.98,1746.8419835644268,1748.98,1746.8419835644268,2.138016435573263
1303.88,1302.225280867764,1303.88,1302.225280867764,1.654719132236096
1307.04,1304.7396281261713,1307.04,1304.7396281261713,2.3003718738286807
1238.49,1235.5126412200827,1238.49,1235.5126412200827,2.9773587799172674
1253.45,1256.9611344254924,1253.45,1256.9611344254924,3.5111344254924006
1181.75,1176.649485678653,1181.75,1176.649485678653,5.100514321346964
1157.64,1162.5501580602827,1157.64,1162.5501580602827,4.910158060282583
1271.64,1268.3019665241468,1271.64,1268.3019665241468,3.338033475853308
1054.75,1053.1132123006823,1054.75,1053.1132123006823,1.636787699317665
1138.37,1137.6067629046704,1138.37,1137.6067629046704,0.7632370953294867
1312.6,1309.7389653195642,1312.6,1309.7389653195642,2.8610346804357505
1285.01,1287.2181440676331,1285.01,1287.2181440676331,2.2081440676331567
1272.73,1275.5584243395263,1272.73,1275.5584243395263,2.8284243395262365
1678.82,1671.2722433057043,1678.82,1671.2722433057043,7.5477566942956855
1193.82,1192.6160687186284,1193.82,1192.6160687186284,1.2039312813715242
974.33,977.7718368300881,974.33,977.7718368300881,3.44183683008805
1287.79,1287.174819031499,1287.79,1287.174819031499,0.6151809685009084
1534.9,1535.5249937651538,1534.9,1535.5249937651538,0.6249937651537039
1049.72,1042.1936547799141,1049.72,1042.1936547799141,7.5263452200858865
1303.55,1303.3670840491204,1303.55,1303.3670840491204,0.18291595087953283
1300.92,1305.5803485438876,1300.92,1305.5803485438876,4.660348543887494
1353.47,1352.2370771491253,1353.47,1352.2370771491253,1.2329228508747292
1108.35,1110.0505883066448,1108.35,1110.0505883066448,1.7005883066449314
1412.19,1412.0289749602284,1412.19,1412.0289749602284,0.16102503977162996
990.24,992.6422112038642,990.24,992.6422112038642,2.4022112038642263
1243.4,1241.1849053254116,1243.4,1241.1849053254116,2.2150946745884994
1033.84,1041.3427371988935,1033.84,1041.3427371988935,7.502737198893556
1193.52,1184.9103626727826,1193.52,1184.9103626727826,8.609637327217342
1054.89,1052.5617474166345,1054.89,1052.5617474166345,2.328252583365611
1179.58,1181.2327203817135,1179.58,1181.2327203817135,1.652720381713607
1103.94,1102.3571162082605,1103.94,1102.3571162082605,1.5828837917395049
1230.92,1230.6657767593495,1230.92,1230.6657767593495,0.2542232406506173
1539.72,1537.3024809245187,1539.72,1537.3024809245187,2.417519075481323
1284.0,1285.5500670376,1284.0,1285.5500670376,1.5500670376000016
1169.5,1170.0298267641074,1169.5,1170.0298267641074,0.5298267641073835
1273.62,1271.2495728264669,1273.62,1271.2495728264669,2.3704271735330167
1340.26,1335.698084060295,1340.26,1335.698084060295,4.561915939704932
1321.06,1322.0584410845652,1321.06,1322.0584410845652,0.9984410845652292
1159.08,1159.9018391573281,1159.08,1159.9018391573281,0.8218391573282133
1362.45,1350.0368226337982,1362.45,1350.0368226337982,12.413177366201808
1188.06,1192.4902709127446,1188.06,1192.4902709127446,4.430270912744618
1075.82,1077.248344289922,1075.82,1077.248344289922,1.4283442899220518
1286.46,1285.9268986682798,1286.46,1285.9268986682798,0.5331013317202178
975.94,977.2435765471844,975.94,977.2435765471844,1.3035765471843206
1539.29,1534.4702880546265,1539.29,1534.4702880546265,4.819711945373456
1284.18,1288.7156843907758,1284.18,1288.7156843907758,4.535684390775714
1289.0,1290.2644386826134,1289.0,1290.2644386826134,1.264438682613445
1184.94,1185.4445826000976,1184.94,1185.4445826000976,0.5045826000975921
1159.86,1161.5809880054235,1159.86,1161.5809880054235,1.7209880054235782
1261.94,1258.9540678346862,1261.94,1258.9540678346862,2.9859321653138977
1286.11,1288.5808755092137,1286.11,1288.5808755092137,2.4708755092137835
1529.89,1529.9124690796602,1529.89,1529.9124690796602,0.02246907966014078
1420.19,1419.5004157761805,1420.19,1419.5004157761805,0.6895842238195655
1582.32,1588.2003108930226,1582.32,1588.2003108930226,5.880310893022624
1432.34,1434.8991289593907,1432.34,1434.8991289593907,2.5591289593908186
1499.13,1498.4552116392665,1499.13,1498.4552116392665,0.6747883607336007
1376.55,1379.0353204305666,1376.55,1379.0353204305666,2.485320430566617
1127.77,1121.2024429089392,1127.77,1121.2024429089392,6.567557091060735
1404.42,1410.3356256763159,1404.42,1410.3356256763159,5.915625676315813
1554.94,1556.5457512328567,1554.94,1556.5457512328567,1.605751232856619
1675.13,1667.834717953343,1675.13,1667.834717953343,7.295282046657121
986.11,983.8602665520284,986.11,983.8602665520284,2.2497334479716073
1310.71,1314.5340487004978,1310.71,1314.5340487004978,3.8240487004977695
1054.78,1053.4480080598323,1054.78,1053.4480080598323,1.3319919401676543
1686.32,1680.5802773547093,1686.32,1680.5802773547093,5.7397226452906125
971.93,970.3697373814422,971.93,970.3697373814422,1.560262618557772
1548.66,1548.0236703626997,1548.66,1548.0236703626997,0.6363296373003777
1270.12,1271.6722809341181,1270.12,1271.6722809341181,1.5522809341182437
1288.68,1289.732691710008,1288.68,1289.732691710008,1.0526917100080482
1546.86,1544.1296628636583,1546.86,1544.1296628636583,2.7303371363416318
1487.0,1490.1143264783896,1487.0,1490.1143264783896,3.1143264783895575
1412.82,1415.4710461382483,1412.82,1415.4710461382483,2.6510461382483754
1540.18,1539.424079904185,1540.18,1539.424079904185,0.7559200958150996
1520.16,1515.4137784411296,1520.16,1515.4137784411296,4.746221558870502
1255.36,1254.8762236019359,1255.36,1254.8762236019359,0.4837763980640375
1483.08,1482.8798363697726,1483.08,1482.8798363697726,0.20016363022728
1263.18,1265.5956204736306,1263.18,1265.5956204736306,2.415620473630497
1082.85,1084.729210709273,1082.85,1084.729210709273,1.8792107092731385
1270.98,1276.5530799496496,1270.98,1276.5530799496496,5.573079949649582
1312.66,1313.9944238968349,1312.66,1313.9944238968349,1.3344238968347781
1289.35,1285.926177681044,1289.35,1285.926177681044,3.4238223189558994
1326.85,1323.6929508825556,1326.85,1323.6929508825556,3.1570491174443305
1234.22,1230.74396139005,1234.22,1230.74396139005,3.4760386099501375
1275.04,1276.9059882116658,1275.04,1276.9059882116658,1.8659882116658082
1353.01,1358.2198348441068,1353.01,1358.2198348441068,5.209834844106808
1544.62,1542.8882328936452,1544.62,1542.8882328936452,1.7317671063547095
1018.38,1020.7449328817347,1018.38,1020.7449328817347,2.364932881734717
1214.57,1214.512228954594,1214.57,1214.512228954594,0.057771045405843324
1209.38,1208.6002766384836,1209.38,1208.6002766384836,0.7797233615165169
1155.17,1154.0720727094422,1155.17,1154.0720727094422,1.097927290557891
1291.5,1290.8388809555809,1291.5,1290.8388809555809,0.6611190444191379
1545.85,1546.724565282509,1545.85,1546.724565282509,0.8745652825091383
1295.18,1295.1347518120479,1295.18,1295.1347518120479,0.04524818795221108
1791.6,1801.8877296585638,1791.6,1801.8877296585638,10.287729658563876
990.91,992.2519227310873,990.91,992.2519227310873,1.3419227310873794
1191.56,1192.3192765008253,1191.56,1192.3192765008253,0.7592765008253082
1196.69,1199.1402255629982,1196.69,1199.1402255629982,2.4502255629981846
1303.06,1295.63925047462,1303.06,1295.63925047462,7.420749525379961
1257.3,1251.6806261235984,1257.3,1251.6806261235984,5.619373876401596
1136.13,1128.2999685062282,1136.13,1128.2999685062282,7.830031493771912
1305.79,1317.4395052823434,1305.79,1317.4395052823434,11.649505282343398
1549.89,1540.5119831595212,1549.89,1540.5119831595212,9.37801684047895
1109.11,1110.9111349351056,1109.11,1110.9111349351056,1.8011349351056651
1276.24,1277.2792967833775,1276.24,1277.2792967833775,1.0392967833774946
1323.48,1324.1611059755355,1323.48,1324.1611059755355,0.6811059755355018
990.44,992.3685872159899,990.44,992.3685872159899,1.9285872159898645
1836.32,1838.3659198489518,1836.32,1838.3659198489518,2.0459198489518258
1499.67,1506.5611750950088,1499.67,1506.5611750950088,6.891175095008748
1298.36,1295.703056539725,1298.36,1295.703056539725,2.656943460274988
1075.78,1093.759988502582,1075.78,1093.759988502582,17.979988502582046
1471.15,1468.879444748679,1471.15,1468.879444748679,2.270555251321184
1269.13,1264.1797767381295,1269.13,1264.1797767381295,4.950223261870633
1281.99,1285.6143880686832,1281.99,1285.6143880686832,3.6243880686831744
1576.5,1574.7840468719473,1576.5,1574.7840468719473,1.7159531280526608
